,0,1,2,3,4,5
asOfDate,2019-09-30 00:00:00,2020-09-30 00:00:00,2021-09-30 00:00:00,2022-09-30 00:00:00,2023-09-30 00:00:00,2024-06-30 00:00:00
periodType,12M,12M,12M,12M,12M,TTM
currencyCode,USD,USD,USD,USD,USD,USD
BeginningCashPosition,,50224000000.0,39789000000.0,35929000000.0,24977000000.0,29898000000.0
CapitalExpenditure,,-7309000000.0,-11085000000.0,-10708000000.0,-10959000000.0,-8702000000.0
CashDividendsPaid,,-14081000000.0,-14467000000.0,-14841000000.0,-15025000000.0,-15188000000.0
CashFlowFromContinuingFinancingActivities,,-86820000000.0,-93353000000.0,-110749000000.0,-108488000000.0,-120188000000.0
CashFlowFromContinuingInvestingActivities,,-4289000000.0,-14545000000.0,-22354000000.0,3705000000.0,3884000000.0
CashFlowFromContinuingOperatingActivities,,80674000000.0,104038000000.0,122151000000.0,110543000000.0,113041000000.0
ChangeInAccountPayable,,-4062000000.0,12326000000.0,9448000000.0,-1889000000.0,-270000000.0
ChangeInCashSupplementalAsReported,,-10435000000.0,-3860000000.0,-10952000000.0,5760000000.0,-3263000000.0
ChangeInInventory,,-127000000.0,-2642000000.0,1484000000.0,-1618000000.0,993000000.0
ChangeInOtherCurrentAssets,,-9588000000.0,-8042000000.0,-6499000000.0,-5684000000.0,-6447000000.0
ChangeInOtherCurrentLiabilities,,8916000000.0,7475000000.0,6110000000.0,3031000000.0,47000000.0
ChangeInOtherWorkingCapital,-625000000.0,2081000000.0,1676000000.0,478000000.0,,
ChangeInPayable,,-4062000000.0,12326000000.0,9448000000.0,-1889000000.0,-270000000.0
ChangeInPayablesAndAccruedExpense,,-4062000000.0,12326000000.0,9448000000.0,-1889000000.0,-270000000.0
ChangeInReceivables,,8470000000.0,-14028000000.0,-9343000000.0,-417000000.0,-3340000000.0
ChangeInWorkingCapital,,5690000000.0,-4911000000.0,1200000000.0,-6577000000.0,-9017000000.0
ChangesInAccountReceivables,,6917000000.0,-10125000000.0,-1823000000.0,-1688000000.0,-2600000000.0
ChangesInCash,,-10435000000.0,-3860000000.0,-10952000000.0,5760000000.0,-3263000000.0
CommonStockDividendPaid,,-14081000000.0,-14467000000.0,-14841000000.0,-15025000000.0,-15188000000.0
CommonStockIssuance,781000000.0,880000000.0,1105000000.0,,,
CommonStockPayments,,-72358000000.0,-85971000000.0,-89402000000.0,-77550000000.0,-90869000000.0
DeferredIncomeTax,-340000000.0,-215000000.0,-4774000000.0,895000000.0,,
DeferredTax,-340000000.0,-215000000.0,-4774000000.0,895000000.0,,
DepreciationAmortizationDepletion,,11056000000.0,11284000000.0,11104000000.0,11519000000.0,11187000000.0
DepreciationAndAmortization,,11056000000.0,11284000000.0,11104000000.0,11519000000.0,11187000000.0
EndCashPosition,,39789000000.0,35929000000.0,24977000000.0,30737000000.0,26635000000.0
FinancingCashFlow,,-86820000000.0,-93353000000.0,-110749000000.0,-108488000000.0,-120188000000.0
FreeCashFlow,,73365000000.0,92953000000.0,111443000000.0,99584000000.0,104339000000.0
IncomeTaxPaidSupplementalData,,9501000000.0,25385000000.0,19573000000.0,18679000000.0,30889000000.0
InterestPaidSupplementalData,,3002000000.0,2687000000.0,2865000000.0,3803000000.0,
InvestingCashFlow,,-4289000000.0,-14545000000.0,-22354000000.0,3705000000.0,3884000000.0
IssuanceOfCapitalStock,781000000.0,880000000.0,1105000000.0,,,
IssuanceOfDebt,,16091000000.0,20393000000.0,5465000000.0,5228000000.0,0.0
LongTermDebtIssuance,,16091000000.0,20393000000.0,5465000000.0,5228000000.0,0.0
LongTermDebtPayments,,-12629000000.0,-8750000000.0,-9543000000.0,-11151000000.0,-7400000000.0
NetBusinessPurchaseAndSale,-624000000.0,-1524000000.0,-33000000.0,-306000000.0,,
NetCommonStockIssuance,,-72358000000.0,-85971000000.0,-89402000000.0,-77550000000.0,-90869000000.0
NetIncome,,57411000000.0,94680000000.0,99803000000.0,96995000000.0,101956000000.0
NetIncomeFromContinuingOperations,,57411000000.0,94680000000.0,99803000000.0,96995000000.0,101956000000.0
NetInvestmentPurchaseAndSale,,5453000000.0,-3075000000.0,-9560000000.0,16001000000.0,14287000000.0
NetIssuancePaymentsOfDebt,,2499000000.0,12665000000.0,-123000000.0,-9901000000.0,-8392000000.0
NetLongTermDebtIssuance,,3462000000.0,11643000000.0,-4078000000.0,-5923000000.0,-7400000000.0
NetOtherFinancingCharges,,-2880000000.0,-5580000000.0,-6383000000.0,-6012000000.0,-5739000000.0
NetOtherInvestingChanges,,-909000000.0,-385000000.0,-2086000000.0,-1337000000.0,-1701000000.0
NetPPEPurchaseAndSale,,-7309000000.0,-11085000000.0,-10708000000.0,-10959000000.0,-8702000000.0
NetShortTermDebtIssuance,,-963000000.0,1022000000.0,3955000000.0,-3978000000.0,-992000000.0
OperatingCashFlow,,80674000000.0,104038000000.0,122151000000.0,110543000000.0,113041000000.0
OtherNonCashItems,,-97000000.0,-4921000000.0,1006000000.0,-2227000000.0,-2540000000.0
PurchaseOfBusiness,-624000000.0,-1524000000.0,-33000000.0,-306000000.0,,
PurchaseOfInvestment,,-114938000000.0,-109558000000.0,-76923000000.0,-29513000000.0,-46631000000.0
PurchaseOfPPE,,-7309000000.0,-11085000000.0,-10708000000.0,-10959000000.0,-8702000000.0
RepaymentOfDebt,,-12629000000.0,-8750000000.0,-9543000000.0,-11151000000.0,-4414000000.0
RepurchaseOfCapitalStock,,-72358000000.0,-85971000000.0,-89402000000.0,-77550000000.0,-90869000000.0
SaleOfInvestment,,120391000000.0,106483000000.0,67363000000.0,45514000000.0,60918000000.0
StockBasedCompensation,,6829000000.0,7906000000.0,9038000000.0,10833000000.0,11455000000.0
